"Reference","Qty","Value","DNP","Exclude from BOM","Exclude from Board","Footprint","Datasheet","Mfr","Mfr P/N","Supplier_1 Price @ Qty","Supplier_1","Supplier_1 P/N","Supplier_1 Unit Price"
"C1,C5,C11","3","10uF","","","","Capacitor_SMD:C_0805_2012Metric","https://search.murata.co.jp/Ceramy/image/img/A01X/G101/ENG/GRM21BR61H106KE43-01A.pdf","Murata Electronics","GRM21BR61H106KE43L","1","DigiKey","490-18663-1-ND","$0.28"
"C2,C4","2","0.1uF","","","","Capacitor_SMD:C_0603_1608Metric","https://www.yageogroup.com/content/datasheet/asset/file/KEM_C1002_X7R_SMD","KEMET","C0603C104K5RACTU","1","DigiKey","399-C0603C104K5RACTUCT-ND","$0.08"
"C3","1","0.27","","","","Capacitor_SMD:C_0805_2012Metric","https://www.yageogroup.com/content/datasheet/asset/file/UPY-GPHC_X7R_6_3V-TO-250V","YAGEO","CC0805KKX7R9BB274","1","DigiKey","13-CC0805KKX7R9BB274CT-ND","$0.20"
"C6","1","4.7uF","","","","Capacitor_SMD:C_0805_2012Metric","https://search.murata.co.jp/Ceramy/image/img/A01X/G101/ENG/GRM21BR61H475KE51-01.pdf","Murata Electronics","GRM21BR61H475KE51L","1","DigiKey","490-10751-1-ND","$0.19"
"C7","1","47pF","","","","Capacitor_SMD:C_0603_1608Metric","https://www.vishay.com/docs/28548/vjw1bcbascomseries.pdf","Vishay Vitramon","VJ0603A470FXACW1BC","1","DigiKey","720-VJ0603A470FXACW1BCCT-ND","$0.13"
"C8","1","2.2uF","","","","Capacitor_SMD:C_0603_1608Metric","https://search.murata.co.jp/Ceramy/image/img/A01X/G101/ENG/GRM188R61H225KE11-01.pdf","Murata Electronics","GRM188R61H225KE11D","1","DigiKey","490-10733-1-ND","$0.25"
"C9","1","22nf","","","","Capacitor_SMD:C_0805_2012Metric","https://search.murata.co.jp/Ceramy/image/img/A01X/G101/ENG/GCM21B5C1H223FA16-01.pdf","Murata Electronics","GCM21B5C1H223FA16L","1","DigiKey","490-GCM21B5C1H223FA16LCT-ND","$0.52"
"C10","1","1uF","","","","Capacitor_SMD:C_0603_1608Metric","https://mm.digikey.com/Volume0/opasdata/d220001/medias/docus/4819/UMK107BJ105KA-T_SS.pdf","Taiyo Yuden","UMK107BJ105KA-T","1","DigiKey","587-2400-1-ND","$0.08"
"C12","1","47uF","","","","_NavLights:CAP_EEEFN2A100L","https://media.digikey.com/pdf/Data%20Sheets/United%20Chemi-Con%20PDFs/HXC_Series_DS.pdf","Chemi-Con","HHXC500ARA470MHA0G","1","DigiKey","565-HHXC500ARA470MHA0GCT-ND","$1.09"
"D1,D2,D3,D4,D5","5","LED","","","","_NavLights:LED_JB3030AWT_3X3_CRE","https://downloads.cree-led.com/files/ds/j/JSeries-3030.pdf","CreeLED","JB3030AWT-P-H65EA0000-N0000001","$0.69 for 10","DigiKey","2138-JB3030AWT-P-H65EA0000-N0000001CT-ND","$0.10"
"H1,H2,H3,H4","4","MountingHole","","Excluded from BOM","","MountingHole:MountingHole_3.2mm_M3_Pad","~","","","","","",""
"H5,H6","2","MountingHole_Pad","","Excluded from BOM","","MountingHole:MountingHole_6mm_Pad_TopBottom","~","","","","","",""
"L1","1","150uH","","","","_NavLights:IND_BOURNS_SRN1060","https://www.bourns.com/docs/Product-Datasheets/SRN1060.pdf","Bourns Inc.","SRN1060-151M","$0.67","DigiKey","SRN1060-151MCT-ND","$0.67000"
"R1","1","100kOHm","","","","Resistor_SMD:R_0603_1608Metric","https://www.seielect.com/catalog/SEI-RMCF_RMCP.pdf","Stackpole Electronics Inc","RMCF0603FT100K","1","DigiKey","RMCF0603FT100KCT-ND","$0.10"
"R2","1","2490kOHm","","","","Resistor_SMD:R_0603_1608Metric","https://www.seielect.com/catalog/SEI-RMCF_RMCP.pdf","Stackpole Electronics Inc","RMCF0603FT2M49","1","DigKey","RMCF0603FT2M49CT-ND","$0.10"
"R3","1","274kOhm","","","","Resistor_SMD:R_0603_1608Metric","https://industrial.panasonic.com/cdbs/www-data/pdf/RDM0000/AOA0000C307.pdf","Panasonic Electronic Components","ERA-3AEB2743V","1","DigiKey","P274KDBCT-ND","$0.10"
"R4","1","10kO","","","","Resistor_SMD:R_0603_1608Metric","https://industrial.panasonic.com/cdbs/www-data/pdf/RDM0000/AOA0000C307.pdf","Panasonic Electronic Components","ERA-3AEB103V","1","DigiKey","P10KDBCT-ND","$0.10"
"R5","1","24mO","","","","Resistor_SMD:R_0805_2012Metric","https://industrial.panasonic.com/cdbs/www-data/pdf/RDN0000/AOA0000C313.pdf","Panasonic Electronic Components","ERJ-6CWDR024V","1","DigiKey","P124410CT-ND","$0.61"
"TP1","1","TP_SIGNAL","","","","_NavLights:HARWIN_S1751-46R","https://content.harwin.com/m/c5b84e6a45e9b9f6/original/DRG-02202-Technical-Drawing-Datasheet-S1751R-pdf.pdf","Harwin Inc.","S1751-46R","1","Digikey","952-1478-2-ND","0.28"
"TP2","1","TP_THR","","","","_NavLights:HARWIN_S1751-46R","https://content.harwin.com/m/c5b84e6a45e9b9f6/original/DRG-02202-Technical-Drawing-Datasheet-S1751R-pdf.pdf","Harwin Inc.","S1751-46R","1","Digikey","952-1478-2-ND","0.28"
"TP3","1","3V3","","","","_NavLights:HARWIN_S1751-46R","https://content.harwin.com/m/c5b84e6a45e9b9f6/original/DRG-02202-Technical-Drawing-Datasheet-S1751R-pdf.pdf","Harwin Inc.","S1751-46R","1","Digikey","952-1478-2-ND","0.28"
"TP4","1","TP_GND","","","","_NavLights:HARWIN_S1751-46R","https://content.harwin.com/m/c5b84e6a45e9b9f6/original/DRG-02202-Technical-Drawing-Datasheet-S1751R-pdf.pdf","Harwin Inc.","S1751-46R","1","Digikey","952-1478-2-ND","0.28"
"TP5","1","TP_ISN","","","","_NavLights:HARWIN_S1751-46R","https://content.harwin.com/m/c5b84e6a45e9b9f6/original/DRG-02202-Technical-Drawing-Datasheet-S1751R-pdf.pdf","Harwin Inc.","S1751-46R","1","Digikey","952-1478-2-ND","0.28"
"U1","1","LMC555xCMX","","","","Package_SO:SOIC-8_3.9x4.9mm_P1.27mm","http://www.ti.com/lit/ds/symlink/lmc555.pdf","Texas Instruments","LMC555CMX/NOPB","","","",""
"U2","1","TPS7B8133QDGNRQ1","","","","_NavLights:VSSOP8_DGN_TEX","https://www.ti.com/lit/gpn/tps7b81-q1","Texas Instruments","TPS7B8133QDGNRQ1","1","DigiKey","296-TPS7B8133QDGNRQ1CT-ND","$1.60"
"U3","1","LT8374RUFM-WPBF","","","","05-08-1799_ADI","https://www.analog.com/media/en/technical-documentation/data-sheets/lt8374-8374-1.pdf","Analog Devices Inc.","LT8374RUFM#WPBF","1","DigiKey","505-LT8374RUFM#WPBF-ND","$5.34"
